961.0;363.0;226.0;81.0;31.0;248.0;79.0;200.0;1.0;3.0;20.0;6.0;18.0;15.0;11.0;16.0;2.0;0.0;1.0;0.0;14.0;27.0;4.0;37.0;0.0;0.0;0.0;58.0;0.0;0.0;1.0;133.0;8.0;0.0;7.0;0.0;0.0;0.0;1.0;0.0;4.0;0.0;4.0;0.0;0.0;2.0;0.0;0.0;0.0;0.0;0.0;0.0;0.0;0.0;0.0;10.0;0.0;1.0;1.0;1.0;0.0;0.0;0.0;1.0;0.0;0.0;0.0;0.0;0.0;0.0;0.0;0.0;0.0;0.0;0.0;61.0;703.0
255.0;1492.0;120.0;214.0;41.0;78.0;34.0;76.0;1.0;3.0;9.0;8.0;64.0;56.0;13.0;27.0;0.0;0.0;3.0;2.0;8.0;25.0;2.0;15.0;1.0;0.0;0.0;27.0;1.0;0.0;2.0;75.0;11.0;0.0;1.0;0.0;0.0;1.0;2.0;0.0;0.0;0.0;0.0;0.0;0.0;0.0;0.0;0.0;0.0;0.0;0.0;0.0;0.0;0.0;0.0;8.0;0.0;0.0;5.0;0.0;1.0;0.0;1.0;0.0;0.0;1.0;1.0;0.0;0.0;0.0;0.0;0.0;0.0;0.0;0.0;63.0;555.0
451.0;253.0;4088.0;793.0;483.0;3933.0;1062.0;1971.0;1.0;7.0;37.0;8.0;45.0;205.0;38.0;279.0;6.0;0.0;10.0;0.0;86.0;273.0;19.0;459.0;5.0;0.0;2.0;530.0;8.0;3.0;27.0;1232.0;81.0;5.0;12.0;3.0;0.0;4.0;5.0;2.0;29.0;5.0;5.0;1.0;3.0;2.0;0.0;0.0;1.0;0.0;1.0;0.0;0.0;0.0;0.0;93.0;0.0;2.0;4.0;5.0;2.0;0.0;0.0;1.0;0.0;1.0;1.0;1.0;2.0;0.0;0.0;0.0;1.0;0.0;0.0;320.0;1581.0
97.0;347.0;575.0;1069.0;300.0;695.0;245.0;363.0;6.0;6.0;33.0;23.0;65.0;205.0;32.0;165.0;2.0;1.0;5.0;5.0;44.0;190.0;9.0;233.0;2.0;0.0;1.0;110.0;1.0;2.0;4.0;172.0;20.0;0.0;2.0;0.0;0.0;0.0;1.0;0.0;4.0;0.0;0.0;0.0;0.0;0.0;0.0;0.0;0.0;0.0;0.0;0.0;0.0;0.0;0.0;22.0;0.0;1.0;7.0;3.0;0.0;0.0;0.0;0.0;0.0;0.0;0.0;0.0;0.0;2.0;0.0;0.0;0.0;0.0;0.0;134.0;464.0
70.0;77.0;433.0;436.0;1092.0;1638.0;630.0;753.0;2.0;10.0;8.0;8.0;18.0;93.0;40.0;287.0;8.0;3.0;6.0;2.0;133.0;398.0;11.0;534.0;1.0;0.0;1.0;233.0;2.0;1.0;12.0;427.0;27.0;2.0;2.0;0.0;1.0;0.0;1.0;0.0;2.0;0.0;0.0;0.0;0.0;0.0;0.0;0.0;0.0;0.0;0.0;0.0;0.0;0.0;0.0;41.0;0.0;1.0;1.0;9.0;1.0;0.0;0.0;2.0;1.0;0.0;0.0;0.0;0.0;0.0;0.0;0.0;0.0;0.0;0.0;221.0;247.0
722.0;280.0;5095.0;1356.0;2514.0;24788.0;10420.0;11424.0;8.0;39.0;44.0;35.0;74.0;298.0;127.0;778.0;25.0;5.0;56.0;22.0;710.0;2098.0;90.0;3392.0;10.0;2.0;14.0;2682.0;15.0;6.0;138.0;4790.0;415.0;26.0;18.0;1.0;2.0;3.0;33.0;2.0;125.0;10.0;5.0;0.0;0.0;2.0;0.0;0.0;0.0;0.0;1.0;0.0;0.0;0.0;0.0;420.0;3.0;8.0;14.0;50.0;7.0;1.0;2.0;4.0;2.0;7.0;0.0;1.0;1.0;0.0;2.0;1.0;0.0;1.0;2.0;1307.0;2493.0
282.0;144.0;1294.0;493.0;926.0;11059.0;16818.0;15060.0;7.0;23.0;22.0;26.0;27.0;147.0;72.0;228.0;4.0;3.0;36.0;27.0;286.0;2177.0;74.0;3822.0;16.0;3.0;10.0;2825.0;5.0;11.0;79.0;4781.0;373.0;31.0;30.0;0.0;0.0;4.0;18.0;4.0;90.0;9.0;3.0;1.0;0.0;1.0;0.0;0.0;0.0;0.0;0.0;0.0;1.0;0.0;0.0;314.0;3.0;3.0;4.0;35.0;1.0;0.0;2.0;9.0;1.0;0.0;1.0;1.0;6.0;2.0;0.0;2.0;0.0;2.0;1.0;964.0;936.0
740.0;362.0;3174.0;1069.0;1653.0;16030.0;19714.0;110600.0;23.0;91.0;88.0;52.0;69.0;377.0;221.0;653.0;47.0;6.0;87.0;52.0;636.0;3513.0;185.0;14341.0;61.0;16.0;83.0;29763.0;61.0;72.0;532.0;60085.0;4817.0;346.0;352.0;34.0;9.0;69.0;241.0;16.0;998.0;107.0;68.0;16.0;6.0;15.0;0.0;8.0;9.0;2.0;3.0;1.0;3.0;0.0;3.0;2534.0;11.0;41.0;54.0;266.0;56.0;13.0;12.0;43.0;7.0;12.0;8.0;16.0;19.0;3.0;8.0;9.0;2.0;2.0;6.0;7087.0;3769.0
0.0;0.0;0.0;0.0;0.0;0.0;0.0;0.0;4.0;2.0;2.0;0.0;0.0;0.0;0.0;0.0;1.0;0.0;0.0;0.0;0.0;0.0;0.0;0.0;0.0;0.0;0.0;0.0;0.0;0.0;0.0;0.0;0.0;0.0;0.0;0.0;0.0;0.0;0.0;0.0;0.0;0.0;0.0;0.0;0.0;0.0;0.0;0.0;0.0;0.0;0.0;0.0;0.0;0.0;0.0;0.0;0.0;0.0;0.0;0.0;0.0;0.0;0.0;0.0;0.0;0.0;0.0;0.0;0.0;0.0;0.0;0.0;0.0;0.0;0.0;0.0;7.0
2.0;4.0;3.0;1.0;0.0;5.0;2.0;1.0;7.0;87.0;15.0;3.0;1.0;1.0;6.0;12.0;8.0;0.0;2.0;0.0;5.0;3.0;0.0;15.0;0.0;0.0;0.0;4.0;0.0;0.0;0.0;4.0;2.0;0.0;0.0;0.0;0.0;0.0;0.0;0.0;0.0;0.0;0.0;0.0;0.0;0.0;0.0;0.0;0.0;0.0;0.0;0.0;0.0;0.0;0.0;1.0;0.0;0.0;0.0;0.0;0.0;0.0;0.0;0.0;0.0;0.0;0.0;0.0;0.0;0.0;0.0;0.0;0.0;0.0;0.0;61.0;29.0
4.0;10.0;12.0;30.0;14.0;12.0;2.0;19.0;7.0;80.0;294.0;30.0;13.0;52.0;108.0;15.0;7.0;1.0;13.0;0.0;10.0;11.0;1.0;10.0;4.0;0.0;1.0;12.0;0.0;2.0;0.0;9.0;1.0;0.0;0.0;2.0;0.0;0.0;0.0;0.0;0.0;0.0;0.0;0.0;0.0;0.0;0.0;0.0;0.0;0.0;0.0;0.0;0.0;0.0;0.0;2.0;0.0;0.0;1.0;0.0;0.0;0.0;0.0;0.0;0.0;0.0;0.0;0.0;0.0;0.0;0.0;0.0;0.0;0.0;0.0;60.0;126.0
0.0;4.0;0.0;4.0;1.0;2.0;2.0;2.0;1.0;2.0;12.0;18.0;3.0;1.0;3.0;3.0;0.0;0.0;1.0;0.0;2.0;2.0;0.0;4.0;0.0;0.0;0.0;0.0;0.0;0.0;0.0;0.0;0.0;0.0;0.0;0.0;0.0;0.0;0.0;0.0;0.0;0.0;0.0;0.0;0.0;0.0;0.0;0.0;0.0;0.0;0.0;0.0;0.0;0.0;0.0;0.0;0.0;0.0;0.0;0.0;0.0;0.0;0.0;0.0;0.0;0.0;0.0;0.0;0.0;0.0;0.0;0.0;0.0;0.0;0.0;20.0;26.0
9.0;39.0;15.0;19.0;5.0;19.0;3.0;9.0;0.0;1.0;3.0;6.0;91.0;21.0;9.0;16.0;1.0;0.0;1.0;0.0;2.0;3.0;1.0;0.0;0.0;0.0;0.0;7.0;0.0;0.0;1.0;6.0;0.0;0.0;1.0;0.0;0.0;0.0;0.0;0.0;0.0;0.0;0.0;0.0;0.0;0.0;0.0;0.0;0.0;0.0;0.0;0.0;0.0;0.0;0.0;1.0;0.0;0.0;0.0;0.0;0.0;0.0;0.0;0.0;0.0;0.0;0.0;0.0;0.0;0.0;0.0;0.0;0.0;0.0;0.0;16.0;41.0
21.0;57.0;113.0;114.0;23.0;102.0;29.0;125.0;1.0;5.0;34.0;9.0;71.0;360.0;33.0;157.0;4.0;1.0;11.0;7.0;43.0;50.0;6.0;45.0;7.0;0.0;1.0;44.0;0.0;0.0;1.0;48.0;4.0;0.0;1.0;0.0;0.0;0.0;1.0;0.0;1.0;0.0;0.0;0.0;0.0;0.0;0.0;0.0;0.0;0.0;0.0;0.0;0.0;0.0;0.0;2.0;1.0;0.0;1.0;2.0;0.0;0.0;1.0;1.0;0.0;0.0;0.0;1.0;0.0;0.0;0.0;0.0;0.0;0.0;0.0;53.0;137.0
1.0;4.0;6.0;8.0;15.0;17.0;10.0;21.0;1.0;5.0;17.0;2.0;1.0;12.0;409.0;43.0;19.0;0.0;10.0;1.0;11.0;26.0;1.0;10.0;1.0;0.0;0.0;4.0;1.0;1.0;1.0;9.0;2.0;0.0;1.0;0.0;0.0;0.0;0.0;0.0;0.0;0.0;0.0;0.0;1.0;0.0;0.0;0.0;0.0;0.0;0.0;0.0;0.0;0.0;0.0;1.0;0.0;0.0;2.0;0.0;0.0;0.0;0.0;0.0;0.0;0.0;0.0;0.0;1.0;0.0;0.0;0.0;0.0;0.0;0.0;21.0;27.0
16.0;21.0;137.0;92.0;190.0;342.0;103.0;190.0;3.0;7.0;23.0;10.0;38.0;147.0;120.0;751.0;21.0;0.0;17.0;10.0;81.0;127.0;16.0;118.0;3.0;2.0;3.0;83.0;1.0;0.0;4.0;109.0;9.0;1.0;1.0;0.0;0.0;0.0;0.0;0.0;1.0;0.0;0.0;0.0;0.0;0.0;0.0;0.0;0.0;0.0;0.0;0.0;1.0;0.0;0.0;4.0;0.0;3.0;3.0;0.0;0.0;0.0;0.0;0.0;0.0;0.0;0.0;0.0;0.0;0.0;0.0;0.0;0.0;0.0;0.0;125.0;104.0
0.0;0.0;0.0;0.0;2.0;0.0;0.0;2.0;0.0;1.0;0.0;0.0;1.0;0.0;6.0;2.0;45.0;1.0;1.0;0.0;0.0;0.0;0.0;0.0;2.0;0.0;0.0;1.0;0.0;0.0;0.0;1.0;0.0;1.0;0.0;0.0;0.0;0.0;0.0;0.0;0.0;0.0;0.0;0.0;0.0;0.0;0.0;0.0;0.0;0.0;0.0;0.0;0.0;0.0;0.0;0.0;0.0;0.0;0.0;0.0;0.0;0.0;0.0;0.0;0.0;0.0;0.0;0.0;0.0;0.0;0.0;0.0;0.0;0.0;0.0;2.0;4.0
0.0;0.0;0.0;0.0;1.0;0.0;0.0;0.0;0.0;0.0;0.0;0.0;0.0;0.0;1.0;0.0;1.0;5.0;3.0;0.0;0.0;0.0;0.0;1.0;0.0;0.0;0.0;0.0;0.0;0.0;0.0;0.0;0.0;0.0;0.0;0.0;0.0;0.0;0.0;0.0;0.0;0.0;0.0;0.0;0.0;0.0;0.0;0.0;0.0;0.0;0.0;0.0;0.0;0.0;0.0;0.0;0.0;0.0;0.0;0.0;0.0;0.0;0.0;0.0;0.0;0.0;0.0;0.0;0.0;0.0;0.0;0.0;0.0;0.0;0.0;1.0;1.0
0.0;1.0;1.0;0.0;1.0;2.0;2.0;4.0;0.0;0.0;2.0;1.0;0.0;3.0;7.0;7.0;4.0;0.0;26.0;1.0;7.0;10.0;0.0;2.0;1.0;1.0;0.0;0.0;1.0;1.0;0.0;1.0;0.0;0.0;0.0;0.0;0.0;0.0;0.0;0.0;0.0;0.0;0.0;0.0;0.0;0.0;0.0;0.0;0.0;0.0;0.0;0.0;0.0;0.0;0.0;0.0;0.0;0.0;3.0;0.0;0.0;0.0;0.0;0.0;0.0;0.0;0.0;0.0;0.0;0.0;0.0;0.0;0.0;0.0;0.0;0.0;6.0
1.0;0.0;1.0;0.0;0.0;2.0;0.0;0.0;0.0;0.0;3.0;0.0;0.0;0.0;2.0;4.0;0.0;0.0;2.0;15.0;3.0;13.0;3.0;3.0;0.0;0.0;0.0;1.0;0.0;1.0;1.0;3.0;0.0;0.0;0.0;0.0;0.0;0.0;0.0;0.0;0.0;0.0;0.0;0.0;0.0;0.0;0.0;0.0;0.0;0.0;0.0;0.0;0.0;0.0;0.0;0.0;0.0;0.0;0.0;0.0;1.0;0.0;0.0;0.0;0.0;0.0;0.0;0.0;0.0;0.0;0.0;0.0;0.0;0.0;0.0;2.0;3.0
11.0;14.0;41.0;50.0;115.0;427.0;118.0;212.0;1.0;7.0;11.0;2.0;15.0;60.0;48.0;126.0;12.0;2.0;40.0;21.0;372.0;228.0;23.0;157.0;1.0;0.0;3.0;75.0;0.0;5.0;6.0;80.0;7.0;2.0;2.0;0.0;0.0;0.0;0.0;0.0;5.0;0.0;0.0;0.0;0.0;0.0;0.0;0.0;0.0;0.0;0.0;0.0;0.0;0.0;0.0;9.0;0.0;1.0;4.0;2.0;0.0;0.0;0.0;1.0;0.0;0.0;0.0;0.0;0.0;0.0;0.0;0.0;0.0;0.0;0.0;70.0;47.0
53.0;41.0;240.0;212.0;350.0;1442.0;1298.0;1557.0;4.0;9.0;22.0;9.0;8.0;71.0;44.0;145.0;6.0;1.0;62.0;50.0;371.0;2614.0;97.0;2207.0;8.0;2.0;12.0;563.0;7.0;5.0;64.0;529.0;65.0;7.0;9.0;0.0;0.0;2.0;7.0;0.0;26.0;0.0;0.0;0.0;0.0;1.0;0.0;0.0;0.0;0.0;0.0;0.0;0.0;0.0;0.0;56.0;3.0;2.0;5.0;15.0;2.0;0.0;1.0;1.0;0.0;2.0;0.0;0.0;0.0;0.0;1.0;1.0;0.0;0.0;0.0;237.0;201.0
0.0;0.0;2.0;1.0;5.0;12.0;4.0;16.0;0.0;0.0;2.0;0.0;1.0;2.0;1.0;3.0;1.0;0.0;5.0;4.0;8.0;31.0;54.0;59.0;3.0;0.0;6.0;9.0;0.0;1.0;1.0;9.0;0.0;1.0;0.0;0.0;0.0;0.0;0.0;0.0;0.0;0.0;0.0;0.0;0.0;0.0;0.0;0.0;0.0;0.0;0.0;0.0;0.0;0.0;0.0;0.0;0.0;0.0;0.0;0.0;1.0;0.0;0.0;0.0;0.0;0.0;0.0;0.0;0.0;0.0;0.0;0.0;0.0;0.0;0.0;0.0;10.0
97.0;57.0;570.0;358.0;611.0;3023.0;3108.0;9006.0;10.0;26.0;23.0;8.0;16.0;122.0;67.0;228.0;15.0;3.0;50.0;35.0;382.0;3080.0;341.0;10114.0;31.0;4.0;43.0;3320.0;23.0;35.0;274.0;2983.0;354.0;24.0;17.0;0.0;1.0;2.0;14.0;2.0;62.0;10.0;4.0;0.0;2.0;0.0;0.0;0.0;3.0;0.0;2.0;0.0;0.0;0.0;0.0;183.0;3.0;12.0;30.0;69.0;15.0;3.0;1.0;1.0;2.0;2.0;2.0;0.0;0.0;1.0;1.0;3.0;1.0;0.0;1.0;521.0;484.0
0.0;0.0;0.0;0.0;0.0;2.0;1.0;0.0;0.0;0.0;0.0;0.0;0.0;1.0;0.0;2.0;0.0;1.0;3.0;0.0;0.0;1.0;3.0;6.0;17.0;1.0;0.0;2.0;1.0;0.0;0.0;3.0;0.0;0.0;2.0;0.0;0.0;0.0;0.0;0.0;0.0;0.0;0.0;0.0;0.0;0.0;0.0;0.0;0.0;0.0;0.0;0.0;0.0;0.0;0.0;1.0;0.0;0.0;0.0;1.0;0.0;0.0;0.0;0.0;0.0;0.0;0.0;0.0;0.0;1.0;0.0;0.0;0.0;0.0;0.0;5.0;8.0
0.0;0.0;0.0;0.0;0.0;0.0;0.0;0.0;0.0;0.0;0.0;0.0;0.0;0.0;0.0;1.0;0.0;0.0;0.0;2.0;0.0;1.0;1.0;0.0;6.0;4.0;1.0;4.0;0.0;0.0;0.0;0.0;0.0;0.0;0.0;0.0;0.0;0.0;0.0;0.0;0.0;0.0;0.0;0.0;0.0;0.0;0.0;0.0;0.0;0.0;0.0;0.0;0.0;0.0;0.0;0.0;0.0;0.0;0.0;0.0;0.0;0.0;0.0;0.0;0.0;0.0;0.0;0.0;0.0;0.0;0.0;0.0;0.0;0.0;0.0;0.0;1.0
0.0;0.0;0.0;1.0;0.0;0.0;1.0;9.0;0.0;0.0;0.0;0.0;0.0;0.0;0.0;0.0;0.0;0.0;0.0;0.0;0.0;0.0;3.0;3.0;1.0;1.0;7.0;11.0;2.0;1.0;0.0;4.0;0.0;0.0;0.0;0.0;0.0;1.0;0.0;0.0;0.0;0.0;0.0;0.0;0.0;0.0;0.0;0.0;0.0;0.0;0.0;0.0;0.0;0.0;0.0;0.0;0.0;0.0;1.0;0.0;0.0;0.0;0.0;0.0;0.0;0.0;0.0;0.0;0.0;1.0;0.0;0.0;0.0;0.0;0.0;1.0;7.0
141.0;88.0;516.0;227.0;424.0;2921.0;3081.0;23935.0;8.0;23.0;18.0;12.0;28.0;100.0;62.0;177.0;11.0;3.0;17.0;6.0;177.0;938.0;65.0;4055.0;35.0;4.0;53.0;14098.0;62.0;38.0;436.0;22387.0;1660.0;215.0;170.0;16.0;4.0;47.0;80.0;7.0;301.0;32.0;27.0;14.0;3.0;10.0;0.0;0.0;7.0;2.0;0.0;2.0;0.0;0.0;1.0;486.0;6.0;19.0;50.0;159.0;29.0;9.0;8.0;20.0;3.0;9.0;13.0;10.0;16.0;10.0;10.0;3.0;4.0;2.0;2.0;1191.0;948.0
1.0;0.0;1.0;2.0;0.0;3.0;0.0;5.0;0.0;0.0;0.0;0.0;0.0;1.0;0.0;1.0;0.0;0.0;0.0;0.0;0.0;0.0;0.0;2.0;0.0;0.0;1.0;12.0;9.0;0.0;0.0;4.0;1.0;0.0;0.0;0.0;0.0;1.0;0.0;0.0;0.0;0.0;0.0;0.0;0.0;0.0;0.0;0.0;0.0;0.0;0.0;0.0;0.0;0.0;0.0;3.0;0.0;0.0;0.0;0.0;0.0;0.0;0.0;0.0;0.0;0.0;0.0;0.0;0.0;0.0;0.0;0.0;0.0;0.0;0.0;1.0;1.0
0.0;0.0;0.0;0.0;0.0;0.0;0.0;2.0;0.0;0.0;0.0;0.0;0.0;1.0;0.0;3.0;0.0;0.0;0.0;0.0;2.0;0.0;1.0;1.0;0.0;0.0;2.0;3.0;2.0;20.0;4.0;2.0;0.0;0.0;0.0;0.0;1.0;0.0;0.0;0.0;0.0;0.0;0.0;0.0;0.0;0.0;0.0;0.0;0.0;0.0;0.0;0.0;0.0;0.0;0.0;5.0;0.0;0.0;1.0;2.0;0.0;0.0;0.0;0.0;0.0;0.0;0.0;0.0;0.0;0.0;0.0;0.0;0.0;0.0;0.0;0.0;4.0
3.0;1.0;6.0;3.0;2.0;28.0;25.0;77.0;0.0;0.0;0.0;0.0;0.0;1.0;2.0;4.0;0.0;0.0;1.0;0.0;5.0;33.0;1.0;86.0;0.0;0.0;1.0;122.0;4.0;1.0;150.0;69.0;21.0;9.0;3.0;0.0;0.0;2.0;2.0;0.0;9.0;3.0;1.0;0.0;0.0;0.0;0.0;0.0;0.0;0.0;0.0;0.0;0.0;0.0;0.0;5.0;1.0;3.0;7.0;14.0;1.0;0.0;1.0;0.0;1.0;2.0;0.0;0.0;0.0;0.0;0.0;0.0;0.0;0.0;0.0;5.0;18.0
345.0;191.0;1521.0;499.0;963.0;7566.0;8040.0;62109.0;19.0;52.0;60.0;32.0;57.0;159.0;120.0;423.0;21.0;2.0;32.0;24.0;280.0;1606.0;81.0;5923.0;50.0;22.0;64.0;27618.0;91.0;92.0;538.0;47787.0;5106.0;407.0;489.0;45.0;10.0;111.0;242.0;21.0;1081.0;97.0;101.0;15.0;12.0;24.0;3.0;9.0;13.0;6.0;8.0;5.0;2.0;1.0;3.0;1833.0;9.0;40.0;43.0;326.0;47.0;7.0;7.0;30.0;13.0;5.0;10.0;16.0;26.0;6.0;16.0;19.0;8.0;3.0;2.0;5128.0;2178.0
17.0;18.0;73.0;15.0;29.0;298.0;254.0;3282.0;1.0;1.0;2.0;3.0;4.0;5.0;7.0;17.0;2.0;0.0;4.0;3.0;15.0;92.0;5.0;223.0;8.0;1.0;6.0;1411.0;12.0;9.0;119.0;3328.0;1435.0;85.0;157.0;17.0;4.0;37.0;36.0;5.0;99.0;17.0;16.0;4.0;2.0;17.0;0.0;1.0;0.0;0.0;0.0;0.0;0.0;0.0;0.0;153.0;1.0;4.0;13.0;40.0;5.0;4.0;3.0;0.0;3.0;1.0;1.0;4.0;5.0;3.0;1.0;4.0;1.0;0.0;2.0;229.0;97.0
1.0;2.0;2.0;0.0;0.0;13.0;10.0;80.0;0.0;0.0;0.0;0.0;0.0;2.0;0.0;4.0;0.0;0.0;1.0;0.0;2.0;6.0;0.0;14.0;1.0;0.0;0.0;70.0;0.0;3.0;17.0;80.0;39.0;46.0;18.0;0.0;3.0;1.0;11.0;1.0;11.0;2.0;0.0;2.0;0.0;0.0;0.0;0.0;0.0;0.0;1.0;0.0;0.0;0.0;0.0;6.0;1.0;2.0;3.0;18.0;0.0;0.0;0.0;0.0;0.0;0.0;0.0;0.0;1.0;0.0;0.0;0.0;0.0;0.0;1.0;7.0;9.0
2.0;0.0;0.0;0.0;1.0;4.0;2.0;90.0;0.0;0.0;0.0;0.0;0.0;0.0;0.0;0.0;0.0;0.0;0.0;0.0;1.0;0.0;0.0;2.0;0.0;1.0;1.0;46.0;0.0;0.0;2.0;136.0;47.0;5.0;117.0;3.0;0.0;7.0;4.0;4.0;11.0;4.0;4.0;2.0;1.0;2.0;0.0;1.0;3.0;0.0;0.0;0.0;0.0;0.0;0.0;9.0;0.0;0.0;3.0;5.0;2.0;0.0;0.0;0.0;0.0;0.0;0.0;0.0;0.0;1.0;0.0;0.0;0.0;0.0;0.0;3.0;3.0
0.0;0.0;0.0;0.0;0.0;1.0;0.0;3.0;0.0;0.0;0.0;0.0;0.0;0.0;0.0;0.0;0.0;0.0;0.0;0.0;0.0;0.0;0.0;2.0;0.0;0.0;0.0;4.0;0.0;0.0;0.0;4.0;0.0;1.0;7.0;17.0;0.0;0.0;1.0;0.0;1.0;0.0;0.0;0.0;0.0;0.0;0.0;0.0;0.0;0.0;0.0;0.0;0.0;0.0;0.0;0.0;0.0;0.0;0.0;1.0;0.0;0.0;0.0;0.0;0.0;0.0;0.0;2.0;0.0;0.0;0.0;0.0;0.0;0.0;0.0;1.0;1.0
0.0;0.0;0.0;0.0;0.0;1.0;0.0;1.0;0.0;0.0;0.0;0.0;0.0;0.0;0.0;0.0;0.0;0.0;0.0;1.0;0.0;0.0;0.0;0.0;0.0;0.0;0.0;0.0;0.0;1.0;0.0;0.0;0.0;0.0;1.0;0.0;2.0;1.0;0.0;0.0;0.0;0.0;0.0;1.0;0.0;0.0;0.0;0.0;0.0;0.0;0.0;0.0;0.0;0.0;0.0;0.0;0.0;0.0;0.0;0.0;0.0;0.0;0.0;0.0;0.0;1.0;0.0;1.0;1.0;0.0;0.0;0.0;0.0;0.0;0.0;0.0;1.0
0.0;0.0;0.0;2.0;0.0;0.0;0.0;5.0;0.0;0.0;0.0;0.0;0.0;0.0;0.0;0.0;0.0;0.0;0.0;0.0;0.0;0.0;0.0;1.0;0.0;0.0;0.0;2.0;0.0;0.0;0.0;19.0;4.0;0.0;5.0;0.0;0.0;24.0;2.0;0.0;1.0;0.0;0.0;0.0;0.0;0.0;0.0;1.0;0.0;0.0;0.0;0.0;0.0;0.0;0.0;0.0;0.0;0.0;0.0;1.0;1.0;1.0;0.0;0.0;0.0;0.0;0.0;0.0;0.0;0.0;0.0;0.0;0.0;0.0;0.0;1.0;0.0
0.0;0.0;3.0;0.0;0.0;3.0;3.0;57.0;0.0;0.0;0.0;0.0;0.0;0.0;0.0;0.0;0.0;0.0;0.0;0.0;3.0;3.0;0.0;8.0;0.0;0.0;0.0;26.0;0.0;0.0;3.0;91.0;27.0;4.0;17.0;5.0;2.0;8.0;62.0;3.0;73.0;6.0;8.0;0.0;1.0;4.0;0.0;0.0;0.0;0.0;0.0;0.0;0.0;1.0;0.0;7.0;0.0;1.0;0.0;2.0;1.0;0.0;0.0;0.0;0.0;0.0;0.0;1.0;3.0;0.0;0.0;0.0;0.0;0.0;1.0;12.0;6.0
0.0;0.0;0.0;0.0;0.0;0.0;0.0;0.0;0.0;0.0;0.0;0.0;0.0;0.0;0.0;0.0;0.0;0.0;0.0;0.0;0.0;0.0;0.0;0.0;0.0;0.0;0.0;3.0;0.0;0.0;0.0;1.0;2.0;0.0;1.0;0.0;0.0;0.0;1.0;13.0;2.0;0.0;1.0;0.0;1.0;0.0;0.0;0.0;0.0;0.0;0.0;0.0;0.0;0.0;0.0;0.0;0.0;0.0;0.0;0.0;0.0;0.0;0.0;0.0;0.0;0.0;0.0;0.0;1.0;1.0;0.0;0.0;0.0;0.0;0.0;1.0;2.0
3.0;1.0;7.0;3.0;2.0;22.0;23.0;288.0;0.0;0.0;0.0;0.0;0.0;0.0;0.0;1.0;0.0;0.0;0.0;0.0;0.0;15.0;1.0;21.0;0.0;1.0;0.0;114.0;3.0;0.0;7.0;307.0;50.0;11.0;16.0;5.0;3.0;21.0;47.0;8.0;396.0;48.0;21.0;4.0;0.0;4.0;0.0;0.0;1.0;0.0;1.0;0.0;0.0;0.0;0.0;56.0;0.0;0.0;1.0;4.0;3.0;1.0;0.0;0.0;0.0;0.0;3.0;6.0;4.0;1.0;0.0;0.0;0.0;0.0;0.0;41.0;10.0
0.0;0.0;1.0;0.0;0.0;0.0;0.0;15.0;0.0;0.0;0.0;0.0;0.0;0.0;0.0;0.0;0.0;0.0;0.0;0.0;0.0;0.0;0.0;1.0;0.0;0.0;0.0;5.0;0.0;0.0;1.0;13.0;4.0;1.0;0.0;0.0;1.0;0.0;2.0;0.0;14.0;29.0;0.0;1.0;1.0;3.0;0.0;1.0;0.0;0.0;0.0;0.0;0.0;0.0;0.0;3.0;0.0;0.0;0.0;0.0;0.0;0.0;0.0;0.0;0.0;0.0;0.0;0.0;1.0;0.0;0.0;0.0;0.0;0.0;0.0;2.0;0.0
0.0;1.0;1.0;0.0;0.0;1.0;0.0;13.0;0.0;0.0;0.0;0.0;0.0;0.0;0.0;0.0;0.0;0.0;0.0;0.0;0.0;1.0;0.0;0.0;0.0;0.0;0.0;24.0;0.0;0.0;0.0;16.0;1.0;1.0;1.0;0.0;0.0;1.0;2.0;1.0;11.0;2.0;23.0;2.0;1.0;4.0;1.0;1.0;0.0;0.0;1.0;0.0;0.0;0.0;0.0;1.0;0.0;0.0;1.0;0.0;0.0;0.0;0.0;0.0;0.0;0.0;0.0;2.0;1.0;0.0;0.0;0.0;0.0;0.0;0.0;0.0;4.0
0.0;0.0;0.0;0.0;0.0;0.0;0.0;3.0;0.0;0.0;0.0;0.0;0.0;0.0;0.0;0.0;0.0;0.0;0.0;0.0;0.0;0.0;0.0;0.0;0.0;0.0;0.0;17.0;0.0;1.0;0.0;30.0;5.0;2.0;2.0;0.0;2.0;1.0;5.0;3.0;15.0;3.0;10.0;107.0;4.0;4.0;1.0;3.0;4.0;2.0;1.0;0.0;0.0;0.0;0.0;0.0;0.0;0.0;0.0;1.0;0.0;0.0;0.0;0.0;1.0;2.0;3.0;9.0;34.0;0.0;10.0;0.0;2.0;0.0;0.0;0.0;3.0
0.0;0.0;0.0;0.0;0.0;0.0;0.0;0.0;0.0;0.0;0.0;0.0;0.0;0.0;0.0;0.0;0.0;0.0;0.0;0.0;0.0;0.0;0.0;0.0;0.0;0.0;0.0;0.0;0.0;1.0;0.0;1.0;1.0;0.0;0.0;0.0;1.0;0.0;0.0;0.0;1.0;0.0;2.0;3.0;6.0;2.0;0.0;1.0;2.0;0.0;0.0;0.0;0.0;0.0;0.0;0.0;0.0;0.0;0.0;0.0;0.0;0.0;0.0;0.0;0.0;0.0;1.0;1.0;3.0;0.0;1.0;0.0;0.0;0.0;0.0;0.0;2.0
0.0;0.0;1.0;0.0;0.0;0.0;0.0;1.0;0.0;0.0;0.0;0.0;0.0;0.0;0.0;0.0;0.0;0.0;0.0;0.0;0.0;0.0;0.0;0.0;0.0;0.0;0.0;1.0;0.0;0.0;0.0;2.0;2.0;0.0;0.0;1.0;0.0;0.0;0.0;0.0;0.0;0.0;2.0;0.0;0.0;4.0;0.0;0.0;1.0;0.0;0.0;1.0;0.0;0.0;0.0;1.0;0.0;0.0;0.0;0.0;0.0;0.0;0.0;0.0;0.0;0.0;0.0;0.0;1.0;0.0;0.0;0.0;0.0;0.0;0.0;1.0;0.0
0.0;0.0;0.0;0.0;0.0;0.0;0.0;0.0;0.0;0.0;0.0;0.0;0.0;0.0;0.0;0.0;0.0;0.0;0.0;0.0;0.0;0.0;0.0;0.0;0.0;0.0;0.0;0.0;0.0;0.0;0.0;6.0;0.0;0.0;0.0;0.0;0.0;0.0;0.0;0.0;0.0;0.0;0.0;0.0;0.0;0.0;0.0;0.0;0.0;0.0;0.0;0.0;0.0;0.0;0.0;0.0;0.0;0.0;0.0;0.0;0.0;0.0;0.0;0.0;0.0;0.0;0.0;0.0;0.0;0.0;0.0;0.0;0.0;0.0;0.0;0.0;0.0
0.0;0.0;0.0;0.0;0.0;0.0;0.0;0.0;0.0;0.0;0.0;0.0;0.0;0.0;0.0;0.0;0.0;0.0;0.0;0.0;0.0;0.0;0.0;0.0;0.0;0.0;0.0;0.0;0.0;0.0;0.0;4.0;0.0;0.0;0.0;0.0;0.0;0.0;1.0;1.0;0.0;0.0;1.0;1.0;0.0;2.0;0.0;2.0;0.0;0.0;0.0;0.0;0.0;0.0;0.0;2.0;0.0;0.0;0.0;0.0;0.0;0.0;0.0;0.0;0.0;0.0;0.0;0.0;0.0;0.0;0.0;0.0;0.0;0.0;0.0;0.0;0.0
0.0;0.0;0.0;0.0;0.0;0.0;0.0;0.0;0.0;0.0;0.0;0.0;0.0;0.0;0.0;0.0;0.0;0.0;0.0;0.0;0.0;0.0;0.0;0.0;0.0;0.0;0.0;1.0;0.0;0.0;0.0;2.0;1.0;0.0;0.0;0.0;0.0;0.0;1.0;0.0;0.0;0.0;0.0;3.0;0.0;0.0;0.0;1.0;7.0;1.0;0.0;0.0;0.0;0.0;0.0;0.0;0.0;0.0;0.0;0.0;0.0;0.0;0.0;0.0;0.0;2.0;0.0;0.0;0.0;0.0;0.0;0.0;0.0;0.0;1.0;1.0;2.0
0.0;0.0;1.0;0.0;0.0;1.0;0.0;0.0;0.0;0.0;0.0;0.0;0.0;0.0;0.0;0.0;0.0;0.0;0.0;0.0;0.0;0.0;0.0;0.0;0.0;0.0;0.0;0.0;0.0;0.0;0.0;0.0;1.0;0.0;0.0;0.0;0.0;0.0;0.0;0.0;0.0;0.0;0.0;0.0;0.0;0.0;0.0;0.0;0.0;0.0;0.0;0.0;0.0;0.0;0.0;0.0;0.0;0.0;0.0;0.0;0.0;0.0;0.0;0.0;0.0;0.0;0.0;0.0;0.0;0.0;0.0;0.0;0.0;0.0;0.0;0.0;1.0
0.0;0.0;1.0;0.0;0.0;0.0;0.0;0.0;0.0;1.0;0.0;0.0;0.0;0.0;0.0;0.0;0.0;0.0;0.0;0.0;0.0;0.0;0.0;0.0;0.0;0.0;0.0;0.0;0.0;0.0;0.0;0.0;0.0;0.0;0.0;0.0;0.0;0.0;0.0;0.0;1.0;0.0;0.0;0.0;0.0;0.0;0.0;0.0;0.0;0.0;2.0;1.0;0.0;0.0;0.0;0.0;0.0;0.0;0.0;0.0;0.0;0.0;0.0;0.0;0.0;0.0;0.0;1.0;0.0;0.0;0.0;0.0;0.0;0.0;0.0;0.0;1.0
0.0;0.0;0.0;0.0;0.0;0.0;0.0;1.0;0.0;0.0;0.0;0.0;0.0;0.0;0.0;0.0;0.0;0.0;0.0;0.0;0.0;0.0;0.0;0.0;0.0;0.0;0.0;0.0;0.0;0.0;0.0;0.0;1.0;0.0;0.0;0.0;0.0;0.0;0.0;0.0;0.0;0.0;0.0;0.0;0.0;0.0;0.0;0.0;0.0;0.0;0.0;0.0;0.0;0.0;0.0;0.0;0.0;0.0;0.0;0.0;0.0;0.0;0.0;0.0;0.0;0.0;0.0;0.0;0.0;0.0;0.0;0.0;0.0;0.0;0.0;0.0;1.0
0.0;0.0;0.0;0.0;0.0;0.0;0.0;0.0;0.0;0.0;0.0;0.0;0.0;0.0;0.0;0.0;0.0;0.0;0.0;0.0;0.0;0.0;0.0;0.0;0.0;0.0;0.0;0.0;0.0;0.0;0.0;0.0;0.0;0.0;0.0;0.0;0.0;0.0;0.0;0.0;0.0;0.0;0.0;0.0;0.0;0.0;0.0;0.0;0.0;0.0;0.0;0.0;0.0;0.0;0.0;0.0;0.0;0.0;0.0;0.0;0.0;0.0;0.0;0.0;0.0;0.0;0.0;0.0;1.0;0.0;0.0;0.0;0.0;0.0;0.0;0.0;0.0
0.0;0.0;0.0;0.0;0.0;0.0;0.0;0.0;0.0;0.0;0.0;0.0;0.0;0.0;0.0;0.0;0.0;0.0;0.0;0.0;0.0;0.0;0.0;0.0;0.0;0.0;0.0;0.0;0.0;0.0;0.0;0.0;0.0;0.0;0.0;0.0;1.0;0.0;0.0;0.0;0.0;0.0;0.0;0.0;0.0;0.0;0.0;0.0;0.0;0.0;0.0;0.0;0.0;0.0;0.0;0.0;0.0;0.0;0.0;0.0;0.0;0.0;0.0;0.0;0.0;0.0;0.0;0.0;0.0;0.0;0.0;0.0;0.0;0.0;0.0;0.0;2.0
0.0;0.0;0.0;0.0;0.0;0.0;0.0;0.0;0.0;0.0;0.0;0.0;0.0;0.0;0.0;0.0;0.0;0.0;0.0;0.0;0.0;0.0;0.0;0.0;0.0;0.0;0.0;0.0;0.0;0.0;0.0;0.0;1.0;1.0;0.0;0.0;0.0;0.0;0.0;0.0;0.0;0.0;0.0;0.0;0.0;0.0;0.0;0.0;0.0;0.0;0.0;0.0;0.0;0.0;0.0;0.0;0.0;0.0;0.0;0.0;0.0;0.0;0.0;0.0;0.0;0.0;0.0;0.0;0.0;0.0;0.0;0.0;0.0;0.0;0.0;0.0;0.0
45.0;18.0;105.0;65.0;98.0;501.0;485.0;1944.0;1.0;5.0;4.0;1.0;4.0;13.0;5.0;17.0;3.0;1.0;9.0;4.0;17.0;88.0;5.0;293.0;12.0;0.0;2.0;460.0;8.0;18.0;24.0;1318.0;196.0;12.0;35.0;5.0;0.0;13.0;49.0;6.0;259.0;39.0;9.0;4.0;1.0;1.0;0.0;3.0;6.0;0.0;0.0;1.0;0.0;0.0;2.0;627.0;23.0;8.0;8.0;25.0;5.0;7.0;1.0;30.0;19.0;9.0;5.0;2.0;5.0;22.0;3.0;19.0;1.0;8.0;2.0;122.0;946.0
0.0;0.0;0.0;0.0;0.0;1.0;0.0;1.0;0.0;0.0;0.0;0.0;0.0;0.0;1.0;2.0;0.0;0.0;0.0;0.0;0.0;1.0;0.0;0.0;0.0;0.0;0.0;1.0;0.0;1.0;1.0;1.0;1.0;1.0;0.0;0.0;0.0;0.0;0.0;0.0;0.0;0.0;0.0;0.0;0.0;0.0;0.0;0.0;0.0;0.0;0.0;0.0;0.0;0.0;0.0;3.0;12.0;0.0;1.0;0.0;0.0;0.0;0.0;0.0;0.0;0.0;0.0;0.0;0.0;0.0;0.0;0.0;0.0;0.0;0.0;1.0;1.0
0.0;1.0;0.0;0.0;0.0;0.0;0.0;3.0;0.0;0.0;0.0;0.0;0.0;0.0;0.0;0.0;0.0;0.0;1.0;0.0;0.0;0.0;0.0;1.0;0.0;0.0;0.0;2.0;0.0;0.0;0.0;2.0;3.0;0.0;0.0;0.0;0.0;0.0;0.0;0.0;0.0;0.0;0.0;0.0;0.0;0.0;0.0;0.0;0.0;0.0;0.0;0.0;0.0;0.0;0.0;3.0;1.0;55.0;30.0;1.0;0.0;0.0;0.0;0.0;1.0;0.0;0.0;0.0;0.0;0.0;0.0;0.0;0.0;0.0;0.0;0.0;1.0
0.0;0.0;0.0;0.0;0.0;0.0;0.0;3.0;0.0;0.0;0.0;0.0;0.0;0.0;0.0;1.0;0.0;0.0;0.0;0.0;1.0;0.0;0.0;3.0;0.0;1.0;0.0;8.0;0.0;1.0;3.0;4.0;1.0;2.0;0.0;0.0;0.0;0.0;0.0;0.0;0.0;0.0;0.0;0.0;0.0;0.0;0.0;0.0;0.0;0.0;0.0;0.0;0.0;0.0;0.0;4.0;1.0;45.0;697.0;2.0;0.0;0.0;1.0;0.0;0.0;0.0;1.0;0.0;0.0;0.0;0.0;1.0;0.0;0.0;0.0;1.0;1.0
1.0;0.0;0.0;0.0;3.0;5.0;12.0;17.0;0.0;0.0;0.0;0.0;0.0;1.0;1.0;1.0;0.0;0.0;0.0;0.0;1.0;2.0;0.0;6.0;0.0;0.0;0.0;27.0;0.0;0.0;11.0;22.0;6.0;12.0;3.0;0.0;1.0;0.0;0.0;0.0;0.0;1.0;0.0;0.0;0.0;1.0;0.0;0.0;0.0;0.0;0.0;0.0;0.0;0.0;0.0;9.0;0.0;0.0;5.0;86.0;1.0;1.0;1.0;0.0;0.0;0.0;0.0;0.0;0.0;2.0;0.0;0.0;0.0;0.0;0.0;5.0;5.0
0.0;0.0;0.0;0.0;0.0;0.0;1.0;1.0;0.0;0.0;0.0;0.0;0.0;0.0;0.0;0.0;0.0;0.0;0.0;0.0;2.0;0.0;1.0;1.0;0.0;0.0;0.0;1.0;0.0;0.0;0.0;1.0;2.0;0.0;0.0;0.0;0.0;0.0;0.0;0.0;0.0;0.0;0.0;0.0;0.0;0.0;0.0;0.0;0.0;0.0;0.0;0.0;0.0;0.0;0.0;1.0;0.0;0.0;0.0;0.0;13.0;0.0;0.0;0.0;0.0;0.0;0.0;0.0;0.0;1.0;0.0;0.0;1.0;0.0;0.0;0.0;0.0
0.0;0.0;0.0;0.0;0.0;0.0;1.0;1.0;0.0;0.0;0.0;0.0;0.0;0.0;1.0;0.0;0.0;0.0;0.0;1.0;0.0;0.0;0.0;0.0;0.0;0.0;0.0;0.0;0.0;0.0;0.0;0.0;1.0;0.0;0.0;0.0;0.0;0.0;0.0;0.0;0.0;0.0;0.0;0.0;0.0;0.0;0.0;0.0;0.0;0.0;0.0;0.0;0.0;0.0;0.0;1.0;0.0;0.0;0.0;0.0;0.0;2.0;0.0;0.0;0.0;0.0;0.0;0.0;0.0;1.0;0.0;0.0;0.0;0.0;0.0;1.0;0.0
0.0;0.0;0.0;0.0;0.0;0.0;0.0;0.0;0.0;0.0;0.0;0.0;0.0;0.0;0.0;0.0;0.0;0.0;0.0;0.0;0.0;0.0;0.0;0.0;0.0;0.0;0.0;0.0;0.0;0.0;0.0;2.0;1.0;0.0;0.0;0.0;0.0;0.0;0.0;0.0;0.0;0.0;0.0;0.0;0.0;0.0;0.0;0.0;0.0;0.0;0.0;0.0;0.0;0.0;0.0;1.0;0.0;0.0;1.0;0.0;0.0;0.0;1.0;0.0;0.0;0.0;0.0;0.0;0.0;0.0;0.0;0.0;0.0;0.0;0.0;1.0;1.0
0.0;0.0;0.0;0.0;0.0;0.0;0.0;14.0;0.0;1.0;0.0;0.0;0.0;0.0;0.0;0.0;0.0;0.0;0.0;0.0;1.0;0.0;0.0;0.0;0.0;0.0;0.0;4.0;0.0;0.0;0.0;7.0;0.0;0.0;0.0;0.0;0.0;0.0;1.0;0.0;0.0;0.0;0.0;0.0;0.0;0.0;0.0;0.0;0.0;0.0;0.0;0.0;0.0;0.0;0.0;10.0;0.0;0.0;0.0;0.0;0.0;0.0;0.0;7.0;0.0;0.0;0.0;0.0;0.0;0.0;0.0;1.0;0.0;0.0;0.0;2.0;5.0
0.0;0.0;0.0;0.0;0.0;0.0;0.0;0.0;0.0;0.0;0.0;0.0;0.0;0.0;0.0;0.0;0.0;0.0;0.0;0.0;0.0;0.0;0.0;0.0;0.0;0.0;0.0;0.0;0.0;0.0;0.0;0.0;0.0;0.0;0.0;0.0;0.0;0.0;0.0;0.0;0.0;0.0;0.0;0.0;0.0;0.0;0.0;0.0;0.0;0.0;0.0;0.0;0.0;0.0;0.0;0.0;0.0;0.0;0.0;0.0;0.0;1.0;0.0;0.0;7.0;0.0;0.0;0.0;0.0;1.0;0.0;0.0;0.0;0.0;0.0;0.0;0.0
0.0;1.0;0.0;0.0;1.0;0.0;0.0;0.0;0.0;0.0;0.0;0.0;0.0;0.0;0.0;0.0;0.0;0.0;0.0;0.0;0.0;0.0;0.0;0.0;0.0;0.0;0.0;2.0;0.0;0.0;0.0;0.0;0.0;0.0;0.0;0.0;0.0;0.0;0.0;0.0;0.0;0.0;0.0;0.0;0.0;0.0;0.0;0.0;0.0;0.0;0.0;0.0;0.0;0.0;0.0;0.0;0.0;0.0;1.0;0.0;0.0;0.0;0.0;0.0;0.0;5.0;0.0;0.0;0.0;1.0;0.0;0.0;0.0;0.0;0.0;0.0;1.0
0.0;0.0;0.0;0.0;0.0;0.0;0.0;0.0;0.0;0.0;0.0;0.0;0.0;0.0;0.0;0.0;0.0;0.0;0.0;0.0;0.0;0.0;0.0;0.0;0.0;0.0;0.0;2.0;0.0;0.0;0.0;0.0;0.0;1.0;0.0;0.0;0.0;0.0;0.0;0.0;0.0;0.0;0.0;0.0;0.0;0.0;0.0;0.0;0.0;0.0;0.0;0.0;0.0;0.0;0.0;0.0;0.0;0.0;0.0;0.0;0.0;0.0;0.0;0.0;0.0;1.0;4.0;0.0;1.0;0.0;0.0;0.0;0.0;0.0;0.0;1.0;0.0
0.0;0.0;0.0;0.0;0.0;0.0;0.0;0.0;0.0;0.0;0.0;0.0;0.0;0.0;0.0;0.0;0.0;0.0;0.0;0.0;0.0;0.0;0.0;1.0;0.0;0.0;0.0;1.0;0.0;0.0;0.0;0.0;1.0;1.0;0.0;0.0;2.0;0.0;0.0;0.0;2.0;0.0;1.0;2.0;0.0;0.0;0.0;0.0;2.0;0.0;0.0;0.0;0.0;0.0;0.0;2.0;0.0;0.0;0.0;0.0;0.0;0.0;0.0;0.0;0.0;1.0;2.0;2.0;3.0;0.0;2.0;0.0;0.0;0.0;0.0;0.0;1.0
0.0;0.0;1.0;0.0;0.0;1.0;0.0;16.0;0.0;0.0;0.0;0.0;0.0;0.0;0.0;0.0;0.0;0.0;0.0;0.0;0.0;0.0;0.0;0.0;0.0;0.0;0.0;9.0;0.0;1.0;0.0;14.0;3.0;2.0;2.0;1.0;0.0;3.0;0.0;1.0;2.0;3.0;9.0;14.0;4.0;0.0;0.0;0.0;2.0;2.0;1.0;0.0;0.0;0.0;0.0;0.0;0.0;0.0;0.0;0.0;0.0;0.0;0.0;0.0;0.0;1.0;2.0;2.0;35.0;1.0;11.0;1.0;3.0;0.0;0.0;2.0;6.0
0.0;0.0;0.0;0.0;0.0;0.0;0.0;0.0;0.0;0.0;0.0;0.0;0.0;0.0;0.0;0.0;0.0;0.0;0.0;0.0;0.0;0.0;0.0;0.0;0.0;0.0;0.0;0.0;0.0;0.0;0.0;1.0;2.0;0.0;0.0;0.0;0.0;0.0;0.0;0.0;0.0;0.0;0.0;1.0;0.0;0.0;0.0;0.0;0.0;0.0;0.0;0.0;0.0;0.0;0.0;5.0;0.0;0.0;0.0;1.0;0.0;0.0;0.0;1.0;1.0;0.0;0.0;0.0;0.0;5.0;1.0;0.0;0.0;0.0;0.0;0.0;4.0
0.0;0.0;0.0;0.0;0.0;0.0;0.0;0.0;0.0;0.0;0.0;0.0;0.0;0.0;0.0;0.0;0.0;0.0;0.0;0.0;0.0;0.0;0.0;0.0;0.0;0.0;0.0;0.0;0.0;0.0;0.0;0.0;3.0;0.0;1.0;0.0;1.0;0.0;0.0;0.0;0.0;0.0;0.0;1.0;1.0;0.0;0.0;0.0;1.0;0.0;0.0;0.0;0.0;0.0;0.0;1.0;0.0;0.0;0.0;0.0;0.0;0.0;0.0;0.0;0.0;0.0;1.0;2.0;1.0;0.0;4.0;0.0;1.0;0.0;0.0;0.0;1.0
0.0;0.0;0.0;0.0;0.0;0.0;0.0;0.0;0.0;0.0;0.0;0.0;0.0;0.0;0.0;0.0;0.0;0.0;0.0;0.0;0.0;0.0;0.0;0.0;0.0;0.0;0.0;1.0;0.0;0.0;0.0;0.0;2.0;0.0;0.0;0.0;0.0;0.0;0.0;0.0;0.0;0.0;0.0;1.0;0.0;0.0;0.0;0.0;0.0;0.0;0.0;0.0;0.0;0.0;0.0;0.0;0.0;0.0;0.0;0.0;0.0;0.0;0.0;0.0;0.0;1.0;0.0;0.0;0.0;0.0;0.0;3.0;0.0;0.0;0.0;0.0;0.0
0.0;0.0;0.0;0.0;0.0;0.0;0.0;2.0;0.0;0.0;0.0;0.0;0.0;0.0;0.0;0.0;0.0;0.0;0.0;0.0;0.0;0.0;0.0;0.0;0.0;0.0;0.0;2.0;0.0;0.0;0.0;1.0;0.0;0.0;0.0;0.0;0.0;0.0;0.0;0.0;1.0;0.0;0.0;2.0;0.0;0.0;0.0;0.0;23.0;0.0;0.0;0.0;0.0;0.0;0.0;0.0;0.0;0.0;0.0;0.0;0.0;0.0;0.0;0.0;0.0;0.0;0.0;0.0;0.0;0.0;0.0;1.0;0.0;0.0;1.0;1.0;0.0
0.0;0.0;0.0;0.0;0.0;0.0;0.0;0.0;0.0;0.0;0.0;0.0;0.0;0.0;0.0;0.0;0.0;0.0;0.0;0.0;0.0;0.0;0.0;0.0;0.0;0.0;0.0;0.0;0.0;0.0;0.0;0.0;0.0;0.0;0.0;0.0;0.0;0.0;0.0;0.0;0.0;0.0;0.0;0.0;0.0;0.0;0.0;0.0;0.0;0.0;0.0;0.0;0.0;0.0;0.0;0.0;0.0;0.0;0.0;0.0;0.0;0.0;0.0;0.0;0.0;0.0;0.0;0.0;0.0;1.0;0.0;0.0;0.0;0.0;0.0;0.0;0.0
0.0;0.0;0.0;0.0;0.0;1.0;0.0;1.0;0.0;0.0;0.0;0.0;0.0;0.0;0.0;0.0;0.0;0.0;0.0;0.0;0.0;0.0;0.0;0.0;0.0;0.0;0.0;0.0;0.0;0.0;0.0;0.0;0.0;0.0;0.0;0.0;0.0;0.0;0.0;0.0;0.0;0.0;0.0;0.0;0.0;0.0;0.0;0.0;1.0;0.0;0.0;0.0;0.0;0.0;0.0;0.0;0.0;0.0;0.0;0.0;0.0;0.0;0.0;0.0;0.0;0.0;0.0;0.0;0.0;0.0;0.0;1.0;0.0;0.0;0.0;0.0;2.0
305.0;280.0;738.0;490.0;652.0;2798.0;2359.0;9495.0;42.0;278.0;111.0;123.0;84.0;160.0;132.0;295.0;78.0;14.0;47.0;16.0;142.0;583.0;40.0;1296.0;36.0;1.0;6.0;1811.0;6.0;22.0;37.0;6120.0;520.0;29.0;92.0;7.0;1.0;14.0;80.0;0.0;348.0;51.0;10.0;4.0;2.0;3.0;0.0;2.0;3.0;0.0;0.0;1.0;0.0;0.0;0.0;181.0;3.0;11.0;7.0;33.0;8.0;6.0;1.0;6.0;4.0;4.0;1.0;4.0;3.0;5.0;0.0;14.0;2.0;2.0;5.0;3840.0;9302.0
911.0;798.0;1582.0;616.0;280.0;1485.0;508.0;1507.0;4.0;31.0;66.0;33.0;85.0;148.0;133.0;170.0;13.0;2.0;9.0;15.0;101.0;202.0;5.0;253.0;11.0;4.0;20.0;645.0;2.0;6.0;28.0;954.0;95.0;10.0;10.0;2.0;1.0;7.0;3.0;0.0;23.0;4.0;5.0;4.0;1.0;2.0;0.0;2.0;5.0;2.0;4.0;0.0;0.0;0.0;0.0;111.0;6.0;10.0;57.0;7.0;1.0;2.0;1.0;3.0;0.0;1.0;3.0;4.0;1.0;1.0;1.0;1.0;1.0;0.0;1.0;995.0;175615.0
